{
  "data": [
    {
      "name": "penci_top_bar_show",
      "type": [
        "customizer"
      ],
      "group": "Topbar Options",
      "target": [
        "single",
        "archive"
      ],
      "gui": {
        "display_name": "Show Top Bar",
        "type": "select",
        "values": [
          {
            "text": "Yes",
            "value": true
          },
          {
            "text": "No",
            "value": false
          }
        ]
      }
    },
    {
      "name": "penci_top_bar_enable_menu",
      "type": [
        "customizer"
      ],
      "group": "Topbar Options",
      "target": [
        "single",
        "archive"
      ],
      "gui": {
        "display_name": "Show Topbar Menu",
        "type": "select",
        "values": [
          {
            "text": "Yes",
            "value": true
          },
          {
            "text": "No",
            "value": false
          }
        ]
      }
    },
    {
      "name": "penci_top_bar_hide_social",
      "type": [
        "customizer"
      ],
      "group": "Topbar Options",
      "target": [
        "single",
        "archive"
      ],
      "gui": {
        "display_name": "Hide Social Icons in Top Bar",
        "type": "select",
        "values": [
          {
            "text": "Yes",
            "value": true
          },
          {
            "text": "No",
            "value": false
          }
        ]
      }
    },
    {
      "name": "penci_header_layout",
      "type": [
        "customizer"
      ],
      "group": "Logo and Header",
      "target": [
        "single",
        "archive"
      ],
      "gui": {
        "display_name": "Header Layout",
        "type": "select",
        "values": [
          {
            "text": "Header 1",
            "value": "header-1"
          },
          {
            "text": "Header 2",
            "value": "header-2"
          },
          {
            "text": "Header 3",
            "value": "header-3"
          },
          {
            "text": "Header 4 ( Centered )",
            "value": "header-4"
          },
          {
            "text": "Header 5 ( Centered )",
            "value": "header-5"
          },
          {
            "text": "Header 6",
            "value": "header-6"
          },
          {
            "text": "Header 7",
            "value": "header-7"
          },
          {
            "text": "Header 8",
            "value": "header-8"
          },
          {
            "text": "Header 9",
            "value": "header-9"
          }
        ]
      }
    },
    {
      "name": "penci_disable_sticky_header",
      "type": [
        "customizer"
      ],
      "group": "Logo and Header",
      "target": [
        "single",
        "archive"
      ],
      "gui": {
        "display_name": "Disable Sticky Header",
        "type": "select",
        "values": [
          {
            "text": "Yes",
            "value": true
          },
          {
            "text": "No",
            "value": false
          }
        ]
      }
    },
    {
      "name": "penci_header_social_check",
      "type": [
        "customizer"
      ],
      "group": "Logo and Header",
      "target": [
        "single",
        "archive"
      ],
      "gui": {
        "display_name": "Disable Header Social Icons",
        "type": "select",
        "values": [
          {
            "text": "Yes",
            "value": true
          },
          {
            "text": "No",
            "value": false
          }
        ]
      }
    },
    {
      "name": "penci_header_menu_style",
      "type": [
        "customizer"
      ],
      "group": "Logo and Header",
      "target": [
        "single",
        "archive"
      ],
      "gui": {
        "display_name": "Menu Style",
        "type": "select",
        "values": [
          {
            "text": "Menu Style 1",
            "value": "menu-style-1"
          },
          {
            "text": "Menu Style 2",
            "value": "menu-style-2"
          }
        ]
      }
    },
    {
      "name": "penci_header_social_nav",
      "type": [
        "customizer"
      ],
      "group": "Logo and Header",
      "target": [
        "single",
        "archive"
      ],
      "gui": {
        "display_name": "Enable Social Icons on Main Navigation",
        "type": "select",
        "values": [
          {
            "text": "Yes",
            "value": true
          },
          {
            "text": "No",
            "value": false
          }
        ]
      }
    },

    {
      "name": "penci_page_display_title",
      "type": [
        "local"
      ],
      "group": "Page Settings",
      "target": [
        "single"
      ],
      "target_exclude": [
        "post"
      ],
      "gui": {
        "display_name": "Disable Page Title",
        "type": "select",
        "values": [
          {
            "text": "Yes",
            "value": "no"
          },
          {
            "text": "No",
            "value": "yes"
          }
        ]
      },
      "default_value": "toolset_use_theme_setting"
    },
    {
      "name": "penci_disable_breadcrumb",
      "type": [
        "customizer"
      ],
      "group": "Page Settings",
      "target": [
        "single"
      ],
      "gui": {
        "display_name": "Disable Breadcrumb",
        "type": "select",
        "values": [
          {
            "text": "Yes",
            "value": true
          },
          {
            "text": "No",
            "value": false
          }
        ]
      }
    },
    {
      "name": "penci_page_share",
      "type": [
        "customizer"
      ],
      "group": "Page Settings",
      "target": [
        "single"
      ],
      "target_exclude": [
        "post"
      ],
      "gui": {
        "display_name": "Hide Share Buttons",
        "type": "select",
        "values": [
          {
            "text": "Yes",
            "value": true
          },
          {
            "text": "No",
            "value": false
          }
        ]
      }
    },
    {
      "name": "penci_page_default_template_layout",
      "type": [
        "customizer"
      ],
      "group": "Sidebar",
      "target": [
        "single"
      ],
      "target_include": [
        "page"
      ],
      "gui": {
        "display_name": "Sidebar For Pages",
        "type": "select",
        "values": [
          {
            "text": "No Sidebar with Container",
            "value": ""
          },
          {
            "text": "No Sidebar with Smaller Container Width",
            "value": "small-width"
          },
          {
            "text": "Page with Right Sidebar",
            "value": "right-sidebar"
          },
          {
            "text": "Page with Left Sidebar",
            "value": "left-sidebar"
          }
        ]
      }
    },
    {
      "name": "penci_post_sidebar_display",
      "type": [
        "local"
      ],
      "group": "Sidebar",
      "target": [
        "single"
      ],
      "target_include": [
        "post"
      ],
      "gui": {
        "display_name": "Sidebar For Posts",
        "type": "select",
        "values": [
          {
            "text": "Left Sidebar",
            "value": "left"
          },
          {
            "text": "Right Sidebar",
            "value": "right"
          },
          {
            "text": "No Sidebar",
            "value": "no"
          }
        ]
      }
    },
    {
      "name": "penci_footer_widget_area",
      "type": [
        "customizer"
      ],
      "group": "Footer",
      "target": [
        "single",
        "archive"
      ],
      "gui": {
        "display_name": "Disable Footer Widget Area",
        "type": "select",
        "values": [
          {
            "text": "Yes",
            "value": true
          },
          {
            "text": "No",
            "value": false
          }
        ]
      }
    },
    {
      "name": "penci_footer_social",
      "type": [
        "customizer"
      ],
      "group": "Footer",
      "target": [
        "single",
        "archive"
      ],
      "gui": {
        "display_name": "Disable Footer Socials",
        "type": "select",
        "values": [
          {
            "text": "Yes",
            "value": true
          },
          {
            "text": "No",
            "value": false
          }
        ]
      }
    },
    {
      "name": "penci_go_to_top",
      "type": [
        "customizer"
      ],
      "group": "Footer",
      "target": [
        "single",
        "archive"
      ],
      "gui": {
        "display_name": "Disable Go To Top Button",
        "type": "select",
        "values": [
          {
            "text": "Yes",
            "value": true
          },
          {
            "text": "No",
            "value": false
          }
        ]
      }
    }
  ]
}